Unique Key,Created Date,Closed Date,Agency,Agency Name,Problem (formerly Complaint Type),Problem Detail (formerly Descriptor),Additional Details,Location Type,Incident Zip,Incident Address,Street Name,Cross Street 1,Cross Street 2,Intersection Street 1,Intersection Street 2,Address Type,City,Landmark,Facility Type,Status,Due Date,Resolution Description,Resolution Action Updated Date,Community Board,Council District,Police Precinct,BBL,Borough,X Coordinate (State Plane),Y Coordinate (State Plane),Open Data Channel Type,Park Facility Name,Park Borough,Vehicle Type,Taxi Company Borough,Taxi Pick Up Location,Bridge Highway Name,Bridge Highway Direction,Road Ramp,Bridge Highway Segment,Latitude,Longitude,Location
67335775,12/30/2025 10:52:55 PM,,TLC,Taxi and Limousine Commission,For Hire Vehicle Complaint,Car Service Company Complaint,Unlicensed/Unauthorized,Street,11430.0,JOHN F KENNEDY AIRPORT,JOHN F KENNEDY AIRPORT,BEND,AIRTRAIN-HOWARD BCH/JAMAICA LINE,BEND,AIRTRAIN-HOWARD BCH/JAMAICA LINE,PLACE,JAMAICA,JOHN F KENNEDY AIRPORT,,In Progress,,,,83 QUEENS,31.0,Precinct 113,4142600001.0,QUEENS,"1,043,001","175,548",ONLINE,Unspecified,QUEENS,Car Service,,"JOHN F KENNEDY AIRPORT, QUEENS (JAMAICA) ,NY, 11430",,,,,40.6483204862,-73.7882812513,POINT (-73.788281251302 40.648320486201)
67329354,12/29/2025 05:40:14 PM,03/11/2026 02:44:36 PM,TLC,Taxi and Limousine Commission,For Hire Vehicle Complaint,Car Service Company Complaint,Unlicensed/Unauthorized,Street,11430.0,JOHN F KENNEDY AIRPORT,JOHN F KENNEDY AIRPORT,BEND,AIRTRAIN-HOWARD BCH/JAMAICA LINE,BEND,AIRTRAIN-HOWARD BCH/JAMAICA LINE,PLACE,JAMAICA,JOHN F KENNEDY AIRPORT,,Closed,,"Based on the information provided by the customer, the Taxi and Limousine Commission has determined that a hearing is not necessary or not possible.",03/11/2026 02:44:40 PM,83 QUEENS,31.0,Precinct 113,4142600001.0,QUEENS,"1,043,001","175,548",ONLINE,Unspecified,QUEENS,Car Service,QUEENS,"JOHN F KENNEDY AIRPORT, QUEENS (JAMAICA) ,NY, 11430",,,,,40.6483204862,-73.7882812513,POINT (-73.788281251302 40.648320486201)
67277487,12/23/2025 12:04:21 PM,03/11/2026 02:35:00 PM,TLC,Taxi and Limousine Commission,For Hire Vehicle Complaint,Car Service Company Complaint,Unlicensed/Unauthorized,Street,11430.0,JOHN F KENNEDY AIRPORT,JOHN F KENNEDY AIRPORT,BEND,AIRTRAIN-HOWARD BCH/JAMAICA LINE,BEND,AIRTRAIN-HOWARD BCH/JAMAICA LINE,PLACE,JAMAICA,JOHN F KENNEDY AIRPORT,,Closed,,"Based on the information provided by the customer, the Taxi and Limousine Commission has determined that a hearing is not necessary or not possible.",03/11/2026 02:35:02 PM,83 QUEENS,31.0,Precinct 113,4142600001.0,QUEENS,"1,043,001","175,548",PHONE,Unspecified,QUEENS,Car Service,QUEENS,"JOHN F KENNEDY AIRPORT, QUEENS (JAMAICA) ,NY, 11430",,,,,40.6483204862,-73.7882812513,POINT (-73.788281251302 40.648320486201)
67273967,12/22/2025 07:27:58 PM,,TLC,Taxi and Limousine Commission,For Hire Vehicle Complaint,Car Service Company Complaint,Unlicensed/Unauthorized,Highway,11430.0,JOHN F KENNEDY AIRPORT,JOHN F KENNEDY AIRPORT,BEND,AIRTRAIN-HOWARD BCH/JAMAICA LINE,BEND,AIRTRAIN-HOWARD BCH/JAMAICA LINE,PLACE,JAMAICA,JOHN F KENNEDY AIRPORT,,In Progress,,,,83 QUEENS,31.0,Precinct 113,4142600001.0,QUEENS,"1,043,001","175,548",ONLINE,Unspecified,QUEENS,Car Service,,"JOHN F KENNEDY AIRPORT, QUEENS (JAMAICA) ,NY, 11430",Van Wyck Expwy,North/Bronx Bound,Ramp,Jamaica Ave Hillside Ave (Exit 6),40.6483204862,-73.7882812513,POINT (-73.788281251302 40.648320486201)
67254238,12/20/2025 08:24:14 PM,,TLC,Taxi and Limousine Commission,For Hire Vehicle Report,Car Service Company Report,Unlicensed/Unauthorized,,11430.0,JOHN F KENNEDY AIRPORT,JOHN F KENNEDY AIRPORT,BEND,AIRTRAIN-HOWARD BCH/JAMAICA LINE,BEND,AIRTRAIN-HOWARD BCH/JAMAICA LINE,PLACE,JAMAICA,JOHN F KENNEDY AIRPORT,,In Progress,,,,83 QUEENS,31.0,Precinct 113,4142600001.0,QUEENS,"1,043,001","175,548",ONLINE,Unspecified,QUEENS,,,"JOHN F KENNEDY AIRPORT, QUEENS (JAMAICA) ,NY, 11430",,,,,40.6483204862,-73.7882812513,POINT (-73.788281251302 40.648320486201)
67199698,12/15/2025 05:05:42 AM,,TLC,Taxi and Limousine Commission,For Hire Vehicle Report,Car Service Company Report,Unlicensed/Unauthorized,,11430.0,JOHN F KENNEDY AIRPORT,JOHN F KENNEDY AIRPORT,BEND,AIRTRAIN-HOWARD BCH/JAMAICA LINE,BEND,AIRTRAIN-HOWARD BCH/JAMAICA LINE,PLACE,JAMAICA,JOHN F KENNEDY AIRPORT,,In Progress,,,,83 QUEENS,31.0,Precinct 113,4142600001.0,QUEENS,"1,043,001","175,548",ONLINE,Unspecified,QUEENS,,,"JOHN F KENNEDY AIRPORT, QUEENS (JAMAICA) ,NY, 11430",,,,,40.6483204862,-73.7882812513,POINT (-73.788281251302 40.648320486201)
67089128,12/07/2025 11:25:30 PM,,TLC,Taxi and Limousine Commission,For Hire Vehicle Report,Car Service Company Report,Unlicensed/Unauthorized,,11430.0,JOHN F KENNEDY AIRPORT,JOHN F KENNEDY AIRPORT,BEND,AIRTRAIN-HOWARD BCH/JAMAICA LINE,BEND,AIRTRAIN-HOWARD BCH/JAMAICA LINE,PLACE,JAMAICA,JOHN F KENNEDY AIRPORT,,In Progress,,,,83 QUEENS,31.0,Precinct 113,4142600001.0,QUEENS,"1,043,001","175,548",PHONE,Unspecified,QUEENS,,,"JOHN F KENNEDY AIRPORT, QUEENS (JAMAICA) ,NY, 11430",,,,,40.6483204862,-73.7882812513,POINT (-73.788281251302 40.648320486201)
67012871,12/01/2025 10:05:41 PM,,TLC,Taxi and Limousine Commission,For Hire Vehicle Complaint,Car Service Company Complaint,Unlicensed/Unauthorized,Street,11430.0,JOHN F KENNEDY AIRPORT,JOHN F KENNEDY AIRPORT,BEND,AIRTRAIN-HOWARD BCH/JAMAICA LINE,BEND,AIRTRAIN-HOWARD BCH/JAMAICA LINE,PLACE,JAMAICA,JOHN F KENNEDY AIRPORT,,In Progress,,,,83 QUEENS,31.0,Precinct 113,4142600001.0,QUEENS,"1,043,001","175,548",ONLINE,Unspecified,QUEENS,Car Service,MANHATTAN,"JOHN F KENNEDY AIRPORT, QUEENS (JAMAICA) ,NY, 11430",,,,,40.6483204862,-73.7882812513,POINT (-73.788281251302 40.648320486201)
67001665,12/01/2025 12:10:04 AM,,TLC,Taxi and Limousine Commission,For Hire Vehicle Complaint,Car Service Company Complaint,Unlicensed/Unauthorized,Street,11430.0,JOHN F KENNEDY AIRPORT,JOHN F KENNEDY AIRPORT,BEND,AIRTRAIN-HOWARD BCH/JAMAICA LINE,BEND,AIRTRAIN-HOWARD BCH/JAMAICA LINE,PLACE,JAMAICA,JOHN F KENNEDY AIRPORT,,In Progress,,,,83 QUEENS,31.0,Precinct 113,4142600001.0,QUEENS,"1,043,001","175,548",ONLINE,Unspecified,QUEENS,Car Service,QUEENS,"JOHN F KENNEDY AIRPORT, QUEENS (JAMAICA) ,NY, 11430",,,,,40.6483204862,-73.7882812513,POINT (-73.788281251302 40.648320486201)
66953982,11/25/2025 11:06:30 PM,,TLC,Taxi and Limousine Commission,For Hire Vehicle Report,Car Service Company Report,Unlicensed/Unauthorized,,11430.0,JOHN F KENNEDY AIRPORT,JOHN F KENNEDY AIRPORT,BEND,AIRTRAIN-HOWARD BCH/JAMAICA LINE,BEND,AIRTRAIN-HOWARD BCH/JAMAICA LINE,PLACE,JAMAICA,JOHN F KENNEDY AIRPORT,,In Progress,,,,83 QUEENS,31.0,Precinct 113,4142600001.0,QUEENS,"1,043,001","175,548",ONLINE,Unspecified,QUEENS,,,"JOHN F KENNEDY AIRPORT, QUEENS (JAMAICA) ,NY, 11430",,,,,40.6483204862,-73.7882812513,POINT (-73.788281251302 40.648320486201)
66940679,11/24/2025 01:49:37 PM,,TLC,Taxi and Limousine Commission,For Hire Vehicle Complaint,Car Service Company Complaint,Unlicensed/Unauthorized,Street,11430.0,JOHN F KENNEDY AIRPORT,JOHN F KENNEDY AIRPORT,BEND,AIRTRAIN-HOWARD BCH/JAMAICA LINE,BEND,AIRTRAIN-HOWARD BCH/JAMAICA LINE,PLACE,JAMAICA,JOHN F KENNEDY AIRPORT,,In Progress,,,,83 QUEENS,31.0,Precinct 113,4142600001.0,QUEENS,"1,043,001","175,548",PHONE,Unspecified,QUEENS,Car Service,QUEENS,"JOHN F KENNEDY AIRPORT, QUEENS (JAMAICA) ,NY, 11430",,,,,40.6483204862,-73.7882812513,POINT (-73.788281251302 40.648320486201)
66815666,11/12/2025 09:12:02 AM,,TLC,Taxi and Limousine Commission,For Hire Vehicle Complaint,Car Service Company Complaint,Unlicensed/Unauthorized,Street,11430.0,JOHN F KENNEDY AIRPORT,JOHN F KENNEDY AIRPORT,BEND,AIRTRAIN-HOWARD BCH/JAMAICA LINE,BEND,AIRTRAIN-HOWARD BCH/JAMAICA LINE,PLACE,JAMAICA,JOHN F KENNEDY AIRPORT,,In Progress,,,,83 QUEENS,31.0,Precinct 113,4142600001.0,QUEENS,"1,043,001","175,548",ONLINE,Unspecified,QUEENS,Car Service,,"JOHN F KENNEDY AIRPORT, QUEENS (JAMAICA) ,NY, 11430",,,,,40.6483204862,-73.7882812513,POINT (-73.788281251302 40.648320486201)
66817439,11/12/2025 07:51:58 AM,,TLC,Taxi and Limousine Commission,For Hire Vehicle Complaint,Car Service Company Complaint,Unlicensed/Unauthorized,Street,11430.0,JOHN F KENNEDY AIRPORT,JOHN F KENNEDY AIRPORT,BEND,AIRTRAIN-HOWARD BCH/JAMAICA LINE,BEND,AIRTRAIN-HOWARD BCH/JAMAICA LINE,PLACE,JAMAICA,JOHN F KENNEDY AIRPORT,,In Progress,,,,83 QUEENS,31.0,Precinct 113,4142600001.0,QUEENS,"1,043,001","175,548",ONLINE,Unspecified,QUEENS,Car Service,BROOKLYN,"JOHN F KENNEDY AIRPORT, QUEENS (JAMAICA) ,NY, 11430",,,,,40.6483204862,-73.7882812513,POINT (-73.788281251302 40.648320486201)
66778128,11/10/2025 12:50:49 AM,03/11/2026 10:07:04 AM,TLC,Taxi and Limousine Commission,For Hire Vehicle Complaint,Car Service Company Complaint,Unlicensed/Unauthorized,Street,11430.0,JOHN F KENNEDY AIRPORT,JOHN F KENNEDY AIRPORT,BEND,AIRTRAIN-HOWARD BCH/JAMAICA LINE,BEND,AIRTRAIN-HOWARD BCH/JAMAICA LINE,PLACE,JAMAICA,JOHN F KENNEDY AIRPORT,,Closed,,"Based on the information provided by the customer, the Taxi and Limousine Commission has determined that a hearing is not necessary or not possible.",03/11/2026 10:07:06 AM,83 QUEENS,31.0,Precinct 113,4142600001.0,QUEENS,"1,043,001","175,548",ONLINE,Unspecified,QUEENS,Car Service,,"JOHN F KENNEDY AIRPORT, QUEENS (JAMAICA) ,NY, 11430",,,,,40.6483204862,-73.7882812513,POINT (-73.788281251302 40.648320486201)
66690152,11/01/2025 10:01:14 PM,,TLC,Taxi and Limousine Commission,For Hire Vehicle Complaint,Car Service Company Complaint,Unlicensed/Unauthorized,Street,11430.0,JOHN F KENNEDY AIRPORT,JOHN F KENNEDY AIRPORT,BEND,AIRTRAIN-HOWARD BCH/JAMAICA LINE,BEND,AIRTRAIN-HOWARD BCH/JAMAICA LINE,PLACE,JAMAICA,JOHN F KENNEDY AIRPORT,,In Progress,,,,83 QUEENS,31.0,Precinct 113,4142600001.0,QUEENS,"1,043,001","175,548",ONLINE,Unspecified,QUEENS,Car Service,,"JOHN F KENNEDY AIRPORT, QUEENS (JAMAICA) ,NY, 11430",,,,,40.6483204862,-73.7882812513,POINT (-73.788281251302 40.648320486201)
66465933,10/13/2025 01:28:35 PM,,TLC,Taxi and Limousine Commission,For Hire Vehicle Complaint,Car Service Company Complaint,Unlicensed/Unauthorized,Street,11430.0,JOHN F KENNEDY AIRPORT,JOHN F KENNEDY AIRPORT,BEND,AIRTRAIN-HOWARD BCH/JAMAICA LINE,BEND,AIRTRAIN-HOWARD BCH/JAMAICA LINE,PLACE,JAMAICA,JOHN F KENNEDY AIRPORT,,In Progress,,,,83 QUEENS,31.0,Precinct 113,4142600001.0,QUEENS,"1,043,001","175,548",ONLINE,Unspecified,QUEENS,Car Service,QUEENS,"JOHN F KENNEDY AIRPORT, QUEENS (JAMAICA) ,NY, 11430",,,,,40.6483204862,-73.7882812513,POINT (-73.788281251302 40.648320486201)
66467398,10/13/2025 01:22:36 PM,,TLC,Taxi and Limousine Commission,For Hire Vehicle Report,Car Service Company Report,Unlicensed/Unauthorized,,11430.0,JOHN F KENNEDY AIRPORT,JOHN F KENNEDY AIRPORT,BEND,AIRTRAIN-HOWARD BCH/JAMAICA LINE,BEND,AIRTRAIN-HOWARD BCH/JAMAICA LINE,PLACE,JAMAICA,JOHN F KENNEDY AIRPORT,,In Progress,,,,83 QUEENS,31.0,Precinct 113,4142600001.0,QUEENS,"1,043,001","175,548",ONLINE,Unspecified,QUEENS,,,"JOHN F KENNEDY AIRPORT, QUEENS (JAMAICA) ,NY, 11430",,,,,40.6483204862,-73.7882812513,POINT (-73.788281251302 40.648320486201)
66442812,10/11/2025 05:20:27 AM,,TLC,Taxi and Limousine Commission,For Hire Vehicle Complaint,Car Service Company Complaint,Unlicensed/Unauthorized,Street,11430.0,JOHN F KENNEDY AIRPORT,JOHN F KENNEDY AIRPORT,BEND,AIRTRAIN-HOWARD BCH/JAMAICA LINE,BEND,AIRTRAIN-HOWARD BCH/JAMAICA LINE,PLACE,JAMAICA,JOHN F KENNEDY AIRPORT,,In Progress,,,,83 QUEENS,31.0,Precinct 113,4142600001.0,QUEENS,"1,043,001","175,548",ONLINE,Unspecified,QUEENS,Car Service,,"JOHN F KENNEDY AIRPORT, QUEENS (JAMAICA) ,NY, 11430",,,,,40.6483204862,-73.7882812513,POINT (-73.788281251302 40.648320486201)
66197819,09/18/2025 10:18:43 AM,,TLC,Taxi and Limousine Commission,For Hire Vehicle Report,Car Service Company Report,Unlicensed/Unauthorized,,11430.0,JFK,JFK,BEND,AIRTRAIN-HOWARD BCH/JAMAICA LINE,BEND,AIRTRAIN-HOWARD BCH/JAMAICA LINE,PLACE,JAMAICA,JOHN F KENNEDY AIRPORT,,In Progress,,,,83 QUEENS,31.0,Precinct 113,4142600001.0,QUEENS,"1,043,001","175,548",PHONE,Unspecified,QUEENS,,,"JOHN F KENNEDY AIRPORT, QUEENS (JAMAICA) ,NY, 11430",,,,,40.6483204862,-73.7882812513,POINT (-73.788281251302 40.648320486201)
66201810,09/18/2025 02:00:27 AM,,TLC,Taxi and Limousine Commission,For Hire Vehicle Complaint,Car Service Company Complaint,Unlicensed/Unauthorized,Street,11430.0,JOHN F KENNEDY AIRPORT,JOHN F KENNEDY AIRPORT,BEND,AIRTRAIN-HOWARD BCH/JAMAICA LINE,BEND,AIRTRAIN-HOWARD BCH/JAMAICA LINE,PLACE,JAMAICA,JOHN F KENNEDY AIRPORT,,In Progress,,,,83 QUEENS,31.0,Precinct 113,4142600001.0,QUEENS,"1,043,001","175,548",ONLINE,Unspecified,QUEENS,Car Service,QUEENS,"JOHN F KENNEDY AIRPORT, QUEENS (JAMAICA) ,NY, 11430",,,,,40.6483204862,-73.7882812513,POINT (-73.788281251302 40.648320486201)
66020494,09/01/2025 11:49:05 PM,,TLC,Taxi and Limousine Commission,For Hire Vehicle Complaint,Car Service Company Complaint,Unlicensed/Unauthorized,Street,11430.0,JOHN F KENNEDY AIRPORT,JOHN F KENNEDY AIRPORT,BEND,AIRTRAIN-HOWARD BCH/JAMAICA LINE,BEND,AIRTRAIN-HOWARD BCH/JAMAICA LINE,PLACE,JAMAICA,JOHN F KENNEDY AIRPORT,,In Progress,,,,83 QUEENS,31.0,Precinct 113,4142600001.0,QUEENS,"1,043,001","175,548",ONLINE,Unspecified,QUEENS,Car Service,MANHATTAN,"JOHN F KENNEDY AIRPORT, QUEENS (JAMAICA) ,NY, 11430",,,,,40.6483204862,-73.7882812513,POINT (-73.788281251302 40.648320486201)
65973145,08/28/2025 10:00:23 PM,,TLC,Taxi and Limousine Commission,For Hire Vehicle Complaint,Car Service Company Complaint,Unlicensed/Unauthorized,Street,11430.0,JOHN F KENNEDY AIRPORT,JOHN F KENNEDY AIRPORT,BEND,AIRTRAIN-HOWARD BCH/JAMAICA LINE,BEND,AIRTRAIN-HOWARD BCH/JAMAICA LINE,PLACE,JAMAICA,JOHN F KENNEDY AIRPORT,,In Progress,,,,83 QUEENS,31.0,Precinct 113,4142600001.0,QUEENS,"1,043,001","175,548",ONLINE,Unspecified,QUEENS,Car Service,,"JOHN F KENNEDY AIRPORT, QUEENS (JAMAICA) ,NY, 11430",,,,,40.6483204862,-73.7882812513,POINT (-73.788281251302 40.648320486201)
65961164,08/26/2025 06:20:27 PM,12/02/2025 01:59:21 PM,TLC,Taxi and Limousine Commission,For Hire Vehicle Complaint,Car Service Company Complaint,Unlicensed/Unauthorized,Street,11430.0,JFK,JFK,BEND,AIRTRAIN-HOWARD BCH/JAMAICA LINE,BEND,AIRTRAIN-HOWARD BCH/JAMAICA LINE,PLACE,JAMAICA,JOHN F KENNEDY AIRPORT,,Closed,,"Based on the information provided by the customer, the Taxi and Limousine Commission has determined that a hearing is not necessary or not possible.",12/02/2025 01:59:26 PM,83 QUEENS,31.0,Precinct 113,4142600001.0,QUEENS,"1,043,001","175,548",PHONE,Unspecified,QUEENS,Car Service,,"JOHN F KENNEDY AIRPORT, QUEENS (JAMAICA) ,NY, 11430",,,,,40.6483204862,-73.7882812513,POINT (-73.788281251302 40.648320486201)
65855280,08/14/2025 06:26:32 PM,12/16/2025 10:01:32 AM,TLC,Taxi and Limousine Commission,For Hire Vehicle Complaint,Car Service Company Complaint,Unlicensed/Unauthorized,Street,11430.0,JOHN F KENNEDY AIRPORT,JOHN F KENNEDY AIRPORT,BEND,AIRTRAIN-HOWARD BCH/JAMAICA LINE,BEND,AIRTRAIN-HOWARD BCH/JAMAICA LINE,PLACE,JAMAICA,JOHN F KENNEDY AIRPORT,,Closed,,The Taxi and Limousine Commission was unable to identify the driver or car service company named in your complaint.,12/16/2025 10:01:34 AM,83 QUEENS,31.0,Precinct 113,4142600001.0,QUEENS,"1,043,001","175,548",ONLINE,Unspecified,QUEENS,Car Service,,"JOHN F KENNEDY AIRPORT, QUEENS (JAMAICA) ,NY, 11430",,,,,40.6483204862,-73.7882812513,POINT (-73.788281251302 40.648320486201)
65623615,07/22/2025 12:23:45 AM,12/04/2025 07:30:15 AM,TLC,Taxi and Limousine Commission,For Hire Vehicle Complaint,Car Service Company Complaint,Unlicensed/Unauthorized,Street,11430.0,JOHN F KENNEDY AIRPORT,JOHN F KENNEDY AIRPORT,BEND,AIRTRAIN-HOWARD BCH/JAMAICA LINE,BEND,AIRTRAIN-HOWARD BCH/JAMAICA LINE,PLACE,JAMAICA,JOHN F KENNEDY AIRPORT,,Closed,,"The Taxi and Limousine Commission (TLC) called and left a message for you. They needed to confirm the details of your complaint. When you did not respond within 14 days, your complaint was closed. If you still want to pursue this complaint, you can open a new Service Request with a daytime phone number included.",12/04/2025 07:30:17 AM,83 QUEENS,31.0,Precinct 113,4142600001.0,QUEENS,"1,043,001","175,548",ONLINE,Unspecified,QUEENS,Car Service,BROOKLYN,"JOHN F KENNEDY AIRPORT, QUEENS (JAMAICA) ,NY, 11430",,,,,40.6483204862,-73.7882812513,POINT (-73.788281251302 40.648320486201)
65615718,07/20/2025 07:47:02 PM,,TLC,Taxi and Limousine Commission,For Hire Vehicle Complaint,Car Service Company Complaint,Unlicensed/Unauthorized,Highway,11430.0,JOHN F KENNEDY AIRPORT,JOHN F KENNEDY AIRPORT,BEND,AIRTRAIN-HOWARD BCH/JAMAICA LINE,BEND,AIRTRAIN-HOWARD BCH/JAMAICA LINE,PLACE,JAMAICA,JOHN F KENNEDY AIRPORT,,In Progress,,,,83 QUEENS,31.0,Precinct 113,4142600001.0,QUEENS,"1,043,001","175,548",ONLINE,Unspecified,QUEENS,Car Service,MANHATTAN,"JOHN F KENNEDY AIRPORT, QUEENS (JAMAICA) ,NY, 11430",Henry Hudson Pkwy/Rt 9A,North/Bronx Bound,Roadway,Dyckman St (Exit 17) - Br Toll Plaza,40.6483204862,-73.7882812513,POINT (-73.788281251302 40.648320486201)
65486382,07/06/2025 08:41:07 PM,12/01/2025 03:19:46 PM,TLC,Taxi and Limousine Commission,For Hire Vehicle Complaint,Car Service Company Complaint,Unlicensed/Unauthorized,Street,11430.0,JOHN F KENNEDY AIRPORT,JOHN F KENNEDY AIRPORT,BEND,AIRTRAIN-HOWARD BCH/JAMAICA LINE,BEND,AIRTRAIN-HOWARD BCH/JAMAICA LINE,PLACE,JAMAICA,JOHN F KENNEDY AIRPORT,,Closed,,The Taxi and Limousine Commission was unable to identify the driver or car service company named in your complaint.,12/01/2025 03:19:49 PM,83 QUEENS,31.0,Precinct 113,4142600001.0,QUEENS,"1,043,001","175,548",ONLINE,Unspecified,QUEENS,Car Service,,"JOHN F KENNEDY AIRPORT, QUEENS (JAMAICA) ,NY, 11430",,,,,40.6483204862,-73.7882812513,POINT (-73.788281251302 40.648320486201)
65451636,07/03/2025 07:21:17 PM,,TLC,Taxi and Limousine Commission,For Hire Vehicle Complaint,Car Service Company Complaint,Unlicensed/Unauthorized,Street,11430.0,JFK,JFK,BEND,AIRTRAIN-HOWARD BCH/JAMAICA LINE,BEND,AIRTRAIN-HOWARD BCH/JAMAICA LINE,PLACE,JAMAICA,JOHN F KENNEDY AIRPORT,,In Progress,,,,83 QUEENS,31.0,Precinct 113,4142600001.0,QUEENS,"1,043,001","175,548",PHONE,Unspecified,QUEENS,Car Service,QUEENS,"JOHN F KENNEDY AIRPORT, QUEENS (JAMAICA) ,NY, 11430",,,,,40.6483204862,-73.7882812513,POINT (-73.788281251302 40.648320486201)
65451637,07/03/2025 07:10:17 PM,12/02/2025 01:18:32 PM,TLC,Taxi and Limousine Commission,For Hire Vehicle Complaint,Car Service Company Complaint,Unlicensed/Unauthorized,Street,11430.0,JFK,JFK,BEND,AIRTRAIN-HOWARD BCH/JAMAICA LINE,BEND,AIRTRAIN-HOWARD BCH/JAMAICA LINE,PLACE,JAMAICA,JOHN F KENNEDY AIRPORT,,Closed,,"Based on the information provided by the customer, the Taxi and Limousine Commission has determined that a hearing is not necessary or not possible.",12/02/2025 01:18:35 PM,83 QUEENS,31.0,Precinct 113,4142600001.0,QUEENS,"1,043,001","175,548",PHONE,Unspecified,QUEENS,Car Service,,"JOHN F KENNEDY AIRPORT, QUEENS (JAMAICA) ,NY, 11430",,,,,40.6483204862,-73.7882812513,POINT (-73.788281251302 40.648320486201)
65439301,07/02/2025 12:46:57 PM,11/26/2025 10:39:04 AM,TLC,Taxi and Limousine Commission,For Hire Vehicle Complaint,Car Service Company Complaint,Unlicensed/Unauthorized,Street,11430.0,JOHN F KENNEDY AIRPORT,JOHN F KENNEDY AIRPORT,BEND,AIRTRAIN-HOWARD BCH/JAMAICA LINE,BEND,AIRTRAIN-HOWARD BCH/JAMAICA LINE,PLACE,JAMAICA,JOHN F KENNEDY AIRPORT,,Closed,,"The Taxi and Limousine Commission (TLC) called and left a message for you. They needed to confirm the details of your complaint. When you did not respond within 14 days, your complaint was closed. If you still want to pursue this complaint, you can open a new Service Request with a daytime phone number included.",11/26/2025 10:39:06 AM,83 QUEENS,31.0,Precinct 113,4142600001.0,QUEENS,"1,043,001","175,548",ONLINE,Unspecified,QUEENS,Car Service,MANHATTAN,"JOHN F KENNEDY AIRPORT, QUEENS (JAMAICA) ,NY, 11430",,,,,40.6483204862,-73.7882812513,POINT (-73.788281251302 40.648320486201)
65421255,06/30/2025 06:54:31 AM,07/03/2025 07:21:43 AM,TLC,Taxi and Limousine Commission,For Hire Vehicle Complaint,Car Service Company Complaint,Unlicensed/Unauthorized,Street,11430.0,JOHN F KENNEDY AIRPORT,JOHN F KENNEDY AIRPORT,BEND,AIRTRAIN-HOWARD BCH/JAMAICA LINE,BEND,AIRTRAIN-HOWARD BCH/JAMAICA LINE,PLACE,JAMAICA,JOHN F KENNEDY AIRPORT,,Closed,,The Taxi and Limousine Commission was unable to identify the driver or car service company named in your complaint.,07/03/2025 07:21:46 AM,83 QUEENS,31.0,Precinct 113,4142600001.0,QUEENS,"1,043,001","175,548",ONLINE,Unspecified,QUEENS,Car Service,,"JOHN F KENNEDY AIRPORT, QUEENS (JAMAICA) ,NY, 11430",,,,,40.6483204862,-73.7882812513,POINT (-73.788281251302 40.648320486201)
65404343,06/28/2025 11:18:17 PM,07/11/2025 07:07:03 AM,TLC,Taxi and Limousine Commission,For Hire Vehicle Complaint,Car Service Company Complaint,Unlicensed/Unauthorized,Street,11430.0,JOHN F KENNEDY AIRPORT,JOHN F KENNEDY AIRPORT,BEND,AIRTRAIN-HOWARD BCH/JAMAICA LINE,BEND,AIRTRAIN-HOWARD BCH/JAMAICA LINE,PLACE,JAMAICA,JOHN F KENNEDY AIRPORT,,Closed,,"The Taxi and Limousine Commission (TLC) called and left a message for you. They needed to confirm the details of your complaint. When you did not respond within 14 days, your complaint was closed. If you still want to pursue this complaint, you can open a new Service Request with a daytime phone number included.",07/11/2025 07:07:05 AM,83 QUEENS,31.0,Precinct 113,4142600001.0,QUEENS,"1,043,001","175,548",ONLINE,Unspecified,QUEENS,Car Service,QUEENS,"JOHN F KENNEDY AIRPORT, QUEENS (JAMAICA) ,NY, 11430",,,,,40.6483204862,-73.7882812513,POINT (-73.788281251302 40.648320486201)
65354517,06/23/2025 09:35:15 PM,11/10/2025 10:35:22 AM,TLC,Taxi and Limousine Commission,For Hire Vehicle Complaint,Car Service Company Complaint,Unlicensed/Unauthorized,Street,11430.0,JOHN F KENNEDY AIRPORT,JOHN F KENNEDY AIRPORT,BEND,AIRTRAIN-HOWARD BCH/JAMAICA LINE,BEND,AIRTRAIN-HOWARD BCH/JAMAICA LINE,PLACE,JAMAICA,JOHN F KENNEDY AIRPORT,,Closed,,"The Taxi and Limousine Commission (TLC) called and left a message for you. They needed to confirm the details of your complaint. When you did not respond within 14 days, your complaint was closed. If you still want to pursue this complaint, you can open a new Service Request with a daytime phone number included.",11/10/2025 10:35:24 AM,83 QUEENS,31.0,Precinct 113,4142600001.0,QUEENS,"1,043,001","175,548",ONLINE,Unspecified,QUEENS,Car Service,QUEENS,"JOHN F KENNEDY AIRPORT, QUEENS (JAMAICA) ,NY, 11430",,,,,40.6483204862,-73.7882812513,POINT (-73.788281251302 40.648320486201)
65144483,06/03/2025 12:51:28 AM,11/10/2025 02:43:46 PM,TLC,Taxi and Limousine Commission,For Hire Vehicle Complaint,Car Service Company Complaint,Unlicensed/Unauthorized,Street,11430.0,JOHN F KENNEDY AIRPORT,JOHN F KENNEDY AIRPORT,BEND,AIRTRAIN-HOWARD BCH/JAMAICA LINE,BEND,AIRTRAIN-HOWARD BCH/JAMAICA LINE,UNRECOGNIZED,JAMAICA,JOHN F KENNEDY AIRPORT,,Closed,,The Taxi and Limousine Commission was unable to identify the driver or car service company named in your complaint.,11/10/2025 02:43:43 PM,83 QUEENS,31.0,Precinct 113,4142600001.0,QUEENS,"1,043,001","175,548",ONLINE,Unspecified,QUEENS,Car Service,MANHATTAN,"JOHN F KENNEDY AIRPORT, QUEENS (JAMAICA) ,NY, 11430",,,,,40.6483204862,-73.7882812513,POINT (-73.788281251302 40.648320486201)
65058039,05/25/2025 05:57:29 PM,02/02/2026 02:59:55 PM,TLC,Taxi and Limousine Commission,For Hire Vehicle Complaint,Car Service Company Complaint,Unlicensed/Unauthorized,Street,11430.0,JOHN F KENNEDY AIRPORT,JOHN F KENNEDY AIRPORT,BEND,AIRTRAIN-HOWARD BCH/JAMAICA LINE,BEND,AIRTRAIN-HOWARD BCH/JAMAICA LINE,UNRECOGNIZED,JAMAICA,JOHN F KENNEDY AIRPORT,,Closed,,A hearing was scheduled at the OATH/Taxi and Limousine Tribunal.,02/02/2026 03:00:00 PM,83 QUEENS,31.0,Precinct 113,4142600001.0,QUEENS,"1,043,001","175,548",ONLINE,Unspecified,QUEENS,Car Service,QUEENS,"JOHN F KENNEDY AIRPORT, QUEENS (JAMAICA) ,NY, 11430",,,,,40.6483204862,-73.7882812513,POINT (-73.788281251302 40.648320486201)
64687341,04/18/2025 10:03:00 PM,05/15/2025 08:28:10 AM,TLC,Taxi and Limousine Commission,For Hire Vehicle Complaint,Car Service Company Complaint,Unlicensed/Unauthorized,Street,11430.0,JFK,JFK,BEND,AIRTRAIN-HOWARD BCH/JAMAICA LINE,BEND,AIRTRAIN-HOWARD BCH/JAMAICA LINE,UNRECOGNIZED,JAMAICA,JOHN F KENNEDY AIRPORT,,Closed,,"Based on the information provided by the customer, the Taxi and Limousine Commission has determined that a hearing is not necessary or not possible.",05/15/2025 08:28:12 AM,83 QUEENS,31.0,Precinct 113,4142600001.0,QUEENS,"1,043,001","175,548",PHONE,Unspecified,QUEENS,Car Service,,"JOHN F KENNEDY AIRPORT, QUEENS (JAMAICA) ,NY, 11430",,,,,40.6483204862,-73.7882812513,POINT (-73.788281251302 40.648320486201)
64655675,04/15/2025 11:17:39 AM,08/01/2025 07:14:18 AM,TLC,Taxi and Limousine Commission,For Hire Vehicle Complaint,Car Service Company Complaint,Unlicensed/Unauthorized,Street,11430.0,JFK,JFK,BEND,AIRTRAIN-HOWARD BCH/JAMAICA LINE,BEND,AIRTRAIN-HOWARD BCH/JAMAICA LINE,UNRECOGNIZED,JAMAICA,JOHN F KENNEDY AIRPORT,,Closed,,"The Taxi and Limousine Commission was unable to reach you or leave a message. If you want to pursue this complaint, please open a new Service Request that includes your daytime phone number.",08/01/2025 07:14:19 AM,83 QUEENS,31.0,Precinct 113,4142600001.0,QUEENS,"1,043,001","175,548",PHONE,Unspecified,QUEENS,Car Service,,"JOHN F KENNEDY AIRPORT, QUEENS (JAMAICA) ,NY, 11430",,,,,40.6483204862,-73.7882812513,POINT (-73.788281251302 40.648320486201)
64269883,03/06/2025 02:04:25 PM,06/05/2025 10:25:57 AM,TLC,Taxi and Limousine Commission,For Hire Vehicle Complaint,Car Service Company Complaint,Unlicensed/Unauthorized,Street,11430.0,JOHN F KENNEDY AIRPORT,JOHN F KENNEDY AIRPORT,BEND,AIRTRAIN-HOWARD BCH/JAMAICA LINE,BEND,AIRTRAIN-HOWARD BCH/JAMAICA LINE,UNRECOGNIZED,JAMAICA,JOHN F KENNEDY AIRPORT,,Closed,,"The Taxi and Limousine Commission (TLC) called and left a message for you. They needed to confirm the details of your complaint. When you did not respond within 14 days, your complaint was closed. If you still want to pursue this complaint, you can open a new Service Request with a daytime phone number included.",06/05/2025 10:26:02 AM,83 QUEENS,31.0,Precinct 113,4142600001.0,QUEENS,"1,043,001","175,548",ONLINE,Unspecified,QUEENS,Car Service,QUEENS,"JOHN F KENNEDY AIRPORT, QUEENS (JAMAICA) ,NY, 11430",,,,,40.6483204862,-73.7882812513,POINT (-73.788281251302 40.648320486201)
64053347,02/11/2025 03:39:25 PM,03/25/2025 09:09:19 AM,TLC,Taxi and Limousine Commission,For Hire Vehicle Complaint,Car Service Company Complaint,Unlicensed/Unauthorized,Street,11430.0,JOHN F KENNEDY AIRPORT,JOHN F KENNEDY AIRPORT,BEND,AIRTRAIN-HOWARD BCH/JAMAICA LINE,BEND,AIRTRAIN-HOWARD BCH/JAMAICA LINE,UNRECOGNIZED,JAMAICA,JOHN F KENNEDY AIRPORT,,Closed,,"The Taxi and Limousine Commission (TLC) called and left a message for you. They needed to confirm the details of your complaint. When you did not respond within 14 days, your complaint was closed. If you still want to pursue this complaint, you can open a new Service Request with a daytime phone number included.",03/25/2025 09:09:17 AM,83 QUEENS,31.0,Precinct 113,4142600001.0,QUEENS,"1,043,001","175,548",ONLINE,Unspecified,QUEENS,Car Service,QUEENS,"JOHN F KENNEDY AIRPORT, QUEENS (JAMAICA) ,NY, 11430",,,,,40.6483204862,-73.7882812513,POINT (-73.788281251302 40.648320486201)
63986149,02/04/2025 06:54:20 AM,05/27/2025 09:46:04 AM,TLC,Taxi and Limousine Commission,For Hire Vehicle Complaint,Car Service Company Complaint,Unlicensed/Unauthorized,Street,11430.0,JOHN F KENNEDY AIRPORT,JOHN F KENNEDY AIRPORT,BEND,AIRTRAIN-HOWARD BCH/JAMAICA LINE,BEND,AIRTRAIN-HOWARD BCH/JAMAICA LINE,UNRECOGNIZED,JAMAICA,JOHN F KENNEDY AIRPORT,,Closed,,"The Taxi and Limousine Commission (TLC) called and left a message for you. They needed to confirm the details of your complaint. When you did not respond within 14 days, your complaint was closed. If you still want to pursue this complaint, you can open a new Service Request with a daytime phone number included.",05/27/2025 09:46:06 AM,83 QUEENS,31.0,Precinct 113,4142600001.0,QUEENS,"1,043,001","175,548",ONLINE,Unspecified,QUEENS,Car Service,,"JOHN F KENNEDY AIRPORT, QUEENS (JAMAICA) ,NY, 11430",,,,,40.6483204862,-73.7882812513,POINT (-73.788281251302 40.648320486201)
